{"cameraMode":{"drawMode":0,"name":"Shaded","section":"Shading Mode"},"sceneLighting":false,"audioPlay":false,"sceneViewState":{"m_AlwaysRefresh":false,"showFog":true,"showSkybox":false,"showFlares":true,"showImageEffects":true,"showParticleSystems":true,"showVisualEffectGraphs":true,"m_FxEnabled":true},"in2DMode":false,"pivot":{"x":1.320021152496338,"y":2.232292652130127,"z":15.108976364135743},"rotation":{"x":0.05846342071890831,"y":0.01048173476010561,"z":-0.00061389384791255,"w":0.9982340335845947},"size":1.5462087392807007,"orthographic":true}