{"cameraMode":{"drawMode":0,"name":"Shaded","section":"Shading Mode"},"sceneLighting":false,"audioPlay":false,"sceneViewState":{"m_AlwaysRefresh":false,"showFog":true,"showSkybox":true,"showFlares":true,"showImageEffects":true,"showParticleSystems":true,"showVisualEffectGraphs":true,"m_FxEnabled":true},"in2DMode":false,"pivot":{"x":12.955826759338379,"y":16.55908966064453,"z":28.813936233520509},"rotation":{"x":0.13280616700649262,"y":0.16101817786693574,"z":-0.02186458930373192,"w":0.9777611494064331},"size":21.85516929626465,"orthographic":false}