{"cameraMode":{"drawMode":0,"name":"Shaded","section":"Shading Mode"},"sceneLighting":false,"audioPlay":false,"sceneViewState":{"m_AlwaysRefresh":false,"showFog":true,"showSkybox":false,"showFlares":true,"showImageEffects":true,"showParticleSystems":true,"showVisualEffectGraphs":true,"m_FxEnabled":true},"in2DMode":false,"pivot":{"x":-0.08771955221891403,"y":2.633843183517456,"z":0.7749999761581421},"rotation":{"x":-0.013164114207029343,"y":0.9346143007278442,"z":-0.3537241518497467,"w":-0.03478289395570755},"size":0.34641018509864809,"orthographic":false}